{"cameraMode":{"drawMode":0,"name":"Shaded","section":"Shading Mode"},"sceneLighting":false,"audioPlay":false,"sceneViewState":{"m_AlwaysRefresh":false,"showFog":true,"showSkybox":false,"showFlares":true,"showImageEffects":true,"showParticleSystems":true,"showVisualEffectGraphs":true,"m_FxEnabled":false},"in2DMode":false,"pivot":{"x":0.08396673202514649,"y":-0.0944555401802063,"z":0.35090309381484988},"rotation":{"x":-0.13112063705921174,"y":0.8510532975196838,"z":-0.2529383897781372,"w":-0.4411199390888214},"size":0.4373616576194763,"orthographic":false}