{"cameraMode":{"drawMode":0,"name":"Shaded","section":"Shading Mode"},"sceneLighting":false,"audioPlay":false,"sceneViewState":{"m_AlwaysRefresh":false,"showFog":true,"showSkybox":false,"showFlares":true,"showImageEffects":true,"showParticleSystems":true,"showVisualEffectGraphs":true,"m_FxEnabled":false},"in2DMode":false,"pivot":{"x":-0.9822592735290527,"y":1.7338639497756959,"z":0.35604166984558108},"rotation":{"x":-0.051467109471559528,"y":0.7999075651168823,"z":-0.06926815211772919,"w":-0.5939489006996155},"size":3.185622453689575,"orthographic":false}