{"cameraMode":{"drawMode":0,"name":"Shaded","section":"Shading Mode"},"sceneLighting":false,"audioPlay":false,"sceneViewState":{"m_AlwaysRefresh":false,"showFog":true,"showSkybox":false,"showFlares":true,"showImageEffects":true,"showParticleSystems":true,"showVisualEffectGraphs":true,"m_FxEnabled":false},"in2DMode":false,"pivot":{"x":4.873138427734375,"y":2.7652878761291506,"z":0.17981243133544923},"rotation":{"x":0.29341578483581545,"y":-0.09729446470737457,"z":0.0300335381180048,"w":0.9505579471588135},"size":1.8063277006149293,"orthographic":false}