{"cameraMode":{"drawMode":0,"name":"Shaded","section":"Shading Mode"},"sceneLighting":false,"audioPlay":false,"sceneViewState":{"m_AlwaysRefresh":false,"showFog":true,"showSkybox":false,"showFlares":true,"showImageEffects":true,"showParticleSystems":true,"showVisualEffectGraphs":true,"m_FxEnabled":true},"in2DMode":false,"pivot":{"x":-0.8973193168640137,"y":2.5081145763397219,"z":-1.1999095678329468},"rotation":{"x":0.09054457396268845,"y":0.5209105610847473,"z":-0.05568772181868553,"w":0.8469672799110413},"size":2.1931064128875734,"orthographic":false}